{
  "object_list": [
    {
      "ctrl": false,
      "collision": true,
      "gravity": true,
      "mass": 5,
      "coords_tuple": [
        -100.472269073602869,
        80.180872447996604
      ],
      "vel_tuple": [
        20.032870909027498,
        -281.3004221516525
      ],
      "acc_tuple": [
        20.921685563658293,
        -3.2508879891561726
      ],
      "theta": 0,
      "omega": 0,
      "alpha": 0,
      "color": [
        200,
        20,
        20
      ],
      "radius": 50
    },
    {
      "ctrl": false,
      "collision": true,
      "gravity": true,
      "mass": 5,
      "coords_tuple": [
        689.5277309263954,
        150.05287244799663
      ],
      "vel_tuple": [
        -20.032870909027498,
        5.300422151652436
      ],
      "acc_tuple": [
        -20.921685563658293,
        3.2508879891561726
      ],
      "theta": 0,
      "omega": 0,
      "alpha": 0,
      "color": [
        20,
        200,
        200
      ],
      "radius": 50
    }
  ]
}